{"input_shapes": [[70]], "input_data": [[0.000727802037845706, 0.00023506654340808595, 0.04459352793871059, 0.2615535905164246, 0.0003007427328404408, -0.1762116614679134, 0.000727802037845706, 0.14564673288680013, 0.04625856991411618, -1.1707442851213723e-05, 0.000727802037845706, -0.22025949879358742, -0.3479477063193507, -0.011458417556777567, 0.00010440112152007461, 0.00013189416404241723, 0.028956015451318352, -0.01747617898001702, 0.02534763052088943, -0.05271452520232062, 0.00010440112152007461, 0.07531380305710639, 0.0428235948504179, 0.24450923836543864, 0.00010440112152007461, 0.25610586895604204, 0.14268627347620585, 0.07531380305710639, 6.1645627664880435e-06, 0.00012439625246858695, 0.0373420592448688, -0.014913149622417687, 0.0215344568974509, -0.006823248932548265, 6.1645627664880435e-06, 0.09655466464532436, 0.016223044318345595, 0.011527732716126877, 6.1645627664880435e-06, 0.24758889039719442, 0.13434534778749913, 0.09655466464532436, 2.0944337757342743e-06, 0.00014138545181050798, 0.025733381477367232, -0.007665251285458502, 0.008566894478999422, 0.013959755728501666, 2.0944337757342743e-06, 0.060603137082166414, 0.01408602604557109, 0.005334570600510371, 2.0944337757342743e-06, 0.20280961562570496, 0.1388395310810137, 0.060603137082166414, 1.414434189422706e-06, 0.0001191618213318714, 0.022446782717011664, 0.04418730653314615, 0.012598308098048162, 0.044437472915351606, 1.414434189422706e-06, 0.05929264212460586, 0.0265928293947146, 0.010638345549331716, 1.414434189422706e-06, 0.1938673292749809, 0.13021762725269492, 0.05929264212460586]], "output_data": [[0.9832032918930054]]}