{"input_data":[[0.00072780205,0.00023506655,0.044593528,0.2615536,0.00030074274,-0.17621166,0.00072780205,0.14564674,0.04625857,-0.000011707443,0.00072780205,-0.2202595,-0.34794772,-0.011458417,0.00010440112,0.00013189416,0.028956015,-0.017476179,0.025347631,-0.052714527,0.00010440112,0.07531381,0.042823594,0.24450924,0.00010440112,0.25610587,0.14268628,0.07531381,0.000006164563,0.00012439625,0.03734206,-0.014913149,0.021534458,-0.006823249,0.000006164563,0.09655467,0.016223045,0.011527733,0.000006164563,0.24758889,0.13434535,0.09655467,0.0000020944337,0.00014138545,0.025733382,-0.0076652514,0.008566895,0.013959756,0.0000020944337,0.060603138,0.014086026,0.0053345705,0.0000020944337,0.20280962,0.13883953,0.060603138,0.0000014144342,0.00011916182,0.022446783,0.044187307,0.012598308,0.04443747,0.0000014144342,0.05929264,0.02659283,0.010638346,0.0000014144342,0.19386733,0.13021763,0.05929264]],"output_data":[[0.5390625]],"input_hashes":[[14447085619239606436,3974419486866153079,4915483157538190447,846832675622363611]],"output_hashes":[[7902049492935900454,6628068662600597956,7717258340696983131,141947405749537032]]}